{
  "IcoMoonType": "selection",
  "icons": [
    {
      "icon": {
        "paths": [
          "M511.979 614.499c56.488 0 102.54-45.97 102.54-102.499 0-22.315-7.301-42.918-19.386-59.746-18.623-25.821-48.898-42.753-83.092-42.753-34.214 0-64.469 16.911-83.133 42.732-12.127 16.829-19.366 37.432-19.386 59.746-0.062 56.529 45.949 102.52 102.458 102.52z",
          "M735.807 386.609v-98.704l-98.725 0.309 0.33 98.725z",
          "M512 0c-282.316 0-512 229.684-512 512 0 282.295 229.684 512 512 512 282.295 0 512-229.705 512-512 0-282.316-229.664-512-512-512zM803.184 452.254v238.408c0 62.097-50.486 112.563-112.543 112.563h-357.282c-62.077 0-112.543-50.466-112.543-112.563v-357.282c0-62.077 50.466-112.543 112.543-112.543h357.262c62.077 0 112.563 50.466 112.563 112.543v118.874z",
          "M671.276 512c0 87.794-71.44 159.276-159.276 159.276s-159.255-71.481-159.255-159.276c0-21.119 4.207-41.309 11.714-59.746h-86.928v238.408c0 30.812 25.016 55.766 55.807 55.766h357.262c30.75 0 55.807-24.954 55.807-55.766v-238.408h-86.969c7.569 18.437 11.838 38.628 11.838 59.746z"
        ],
        "attrs": [
          {},
          {},
          {},
          {}
        ],
        "isMulticolor": false,
        "isMulticolor2": false,
        "grid": 0,
        "tags": [
          "instagram-logo"
        ]
      },
      "attrs": [
        {},
        {},
        {},
        {}
      ],
      "properties": {
        "order": 2,
        "id": 0,
        "name": "instagram-logo",
        "prevSize": 32
      },
      "setIdx": 0,
      "setId": 2,
      "iconIdx": 0
    }
  ],
  "height": 1024,
  "preferences": {
    "showGlyphs": true,
    "showQuickUse": true,
    "showQuickUse2": true,
    "showSVGs": true,
    "fontPref": {
      "prefix": "icon-",
      "metadata": {
        "fontFamily": "icomoon"
      },
      "metrics": {
        "emSize": 1024,
        "baseline": 6.25,
        "whitespace": 50
      },
      "embed": false
    },
    "imagePref": {
      "prefix": "icon-",
      "png": true,
      "useClassSelector": true,
      "color": 0,
      "bgColor": 16777215,
      "classSelector": ".icon",
      "height": 32,
      "columns": 16,
      "margin": 16
    },
    "historySize": 50,
    "showCodes": true,
    "gridSize": 16
  }
}