{
  "IcoMoonType": "selection",
  "icons": [
    {
      "icon": {
        "paths": [
          "M1024 512c0 282.77-229.23 512-512 512s-512-229.23-512-512c0-282.77 229.23-512 512-512s512 229.23 512 512z",
          "M640.716 532.043h-91.36v334.701h-138.418v-334.701h-65.832v-117.627h65.832v-76.118c0-54.433 25.856-139.669 139.65-139.669l102.531 0.429v114.177h-74.393c-12.203 0-29.361 6.097-29.361 32.063v69.227h103.444l-12.093 117.518z"
        ],
        "attrs": [
          {
            "fill": "rgb(59, 89, 152)"
          },
          {
            "fill": "rgb(255, 255, 255)"
          }
        ],
        "isMulticolor": true,
        "isMulticolor2": false,
        "grid": 0,
        "tags": [
          "facebook"
        ],
        "colorPermutations": {
          "255255255159891521": [
            {
              "f": 0
            },
            {
              "f": 1
            }
          ]
        }
      },
      "attrs": [
        {
          "fill": "rgb(59, 89, 152)"
        },
        {
          "fill": "rgb(255, 255, 255)"
        }
      ],
      "properties": {
        "order": 15,
        "id": 0,
        "name": "facebook",
        "prevSize": 32,
        "code": 59648,
        "codes": [
          59648,
          59649
        ]
      },
      "setIdx": 0,
      "setId": 4,
      "iconIdx": 0
    },
    {
      "icon": {
        "paths": [
          "M511.979 614.499c56.488 0 102.54-45.97 102.54-102.499 0-22.315-7.301-42.918-19.386-59.746-18.623-25.821-48.898-42.753-83.092-42.753-34.214 0-64.469 16.911-83.133 42.732-12.127 16.829-19.366 37.432-19.386 59.746-0.062 56.529 45.949 102.52 102.458 102.52z",
          "M735.807 386.609v-98.704l-98.725 0.309 0.33 98.725z",
          "M512 0c-282.316 0-512 229.684-512 512 0 282.295 229.684 512 512 512 282.295 0 512-229.705 512-512 0-282.316-229.664-512-512-512zM803.184 452.254v238.408c0 62.097-50.486 112.563-112.543 112.563h-357.282c-62.077 0-112.543-50.466-112.543-112.563v-357.282c0-62.077 50.466-112.543 112.543-112.543h357.262c62.077 0 112.563 50.466 112.563 112.543v118.874z",
          "M671.276 512c0 87.794-71.44 159.276-159.276 159.276s-159.255-71.481-159.255-159.276c0-21.119 4.207-41.309 11.714-59.746h-86.928v238.408c0 30.812 25.016 55.766 55.807 55.766h357.262c30.75 0 55.807-24.954 55.807-55.766v-238.408h-86.969c7.569 18.437 11.838 38.628 11.838 59.746z"
        ],
        "attrs": [
          {},
          {},
          {},
          {}
        ],
        "isMulticolor": false,
        "isMulticolor2": false,
        "grid": 0,
        "tags": [
          "instagram-logo"
        ],
        "colorPermutations": {
          "1452001185185190121021021512552552551651802301": [
            {},
            {},
            {},
            {}
          ]
        }
      },
      "attrs": [
        {},
        {},
        {},
        {}
      ],
      "properties": {
        "order": 14,
        "id": 3,
        "name": "instagram-logo",
        "prevSize": 32,
        "code": 59650
      },
      "setIdx": 1,
      "setId": 3,
      "iconIdx": 0
    },
    {
      "icon": {
        "paths": [
          "M632.599 712.89l-197.167-197.165 181.015-181.062-66.14-66.095-246.831 246.829 263.307 263.309z",
          "M1024 512c0-282.765-229.237-512-512-512-282.765 0-512 229.235-512 512 0 282.763 229.235 512 512 512 282.763 0 512-229.237 512-512zM46.545 512c0-257.071 208.384-465.455 465.455-465.455s465.455 208.384 465.455 465.455-208.384 465.455-465.455 465.455-465.455-208.384-465.455-465.455z"
        ],
        "attrs": [
          {
            "fill": "rgb(255, 255, 255)"
          },
          {
            "fill": "rgb(255, 255, 255)"
          }
        ],
        "isMulticolor": false,
        "isMulticolor2": false,
        "grid": 0,
        "tags": [
          "left-arrow-angle"
        ],
        "colorPermutations": {
          "1452001185185190121021021512552552551651802301": [
            {
              "f": 4
            },
            {
              "f": 4
            }
          ]
        }
      },
      "attrs": [
        {
          "fill": "rgb(255, 255, 255)"
        },
        {
          "fill": "rgb(255, 255, 255)"
        }
      ],
      "properties": {
        "order": 17,
        "id": 2,
        "name": "left-arrow-angle",
        "prevSize": 32,
        "code": 59651
      },
      "setIdx": 1,
      "setId": 3,
      "iconIdx": 1
    },
    {
      "icon": {
        "paths": [
          "M433.943 268.567l-65.815 65.815 197.167 197.214-181.015 181.014 66.14 66.095 246.833-246.831z",
          "M1024 512c0-282.765-229.237-512-512-512-282.765 0-512 229.235-512 512 0 282.763 229.235 512 512 512 282.763 0 512-229.237 512-512zM46.545 512c0-257.071 208.384-465.455 465.455-465.455s465.455 208.384 465.455 465.455-208.384 465.455-465.455 465.455-465.455-208.384-465.455-465.455z"
        ],
        "attrs": [
          {
            "fill": "rgb(255, 255, 255)"
          },
          {
            "fill": "rgb(255, 255, 255)"
          }
        ],
        "isMulticolor": false,
        "isMulticolor2": false,
        "grid": 0,
        "tags": [
          "right-arrow-angle"
        ],
        "colorPermutations": {
          "1452001185185190121021021512552552551651802301": [
            {
              "f": 4
            },
            {
              "f": 4
            }
          ]
        }
      },
      "attrs": [
        {
          "fill": "rgb(255, 255, 255)"
        },
        {
          "fill": "rgb(255, 255, 255)"
        }
      ],
      "properties": {
        "order": 16,
        "id": 1,
        "name": "right-arrow-angle",
        "prevSize": 32,
        "code": 59652
      },
      "setIdx": 1,
      "setId": 3,
      "iconIdx": 2
    },
    {
      "icon": {
        "paths": [
          "M1023.988 512c0 282.766-229.228 511.994-511.994 511.994s-511.994-229.228-511.994-511.994c0-282.766 229.228-511.994 511.994-511.994s511.994 229.228 511.994 511.994z",
          "M1024 512.006c0-12.476-0.47-24.838-1.346-37.092l-212.198-212.194-596.912 234.798 228.382 228.384 2.996 10.784 3.878-3.91 0.016 0.016-3.894 3.894 252.634 252.634c191.040-74.32 326.444-259.994 326.444-477.314z",
          "M462.276 586.6l231.382 174.694 116.798-498.574-596.914 234.798 181.634 60.162 331.486-222.352z",
          "M395.176 557.68l49.746 179.008 17.354-150.088 264.386-251.272z",
          "M537.476 643.376l-92.554 93.312 17.354-150.088z"
        ],
        "attrs": [
          {
            "fill": "rgb(65, 180, 230)"
          },
          {
            "fill": "rgb(0, 145, 200)"
          },
          {
            "fill": "rgb(255, 255, 255)"
          },
          {
            "fill": "rgb(210, 210, 215)"
          },
          {
            "fill": "rgb(185, 185, 190)"
          }
        ],
        "isMulticolor": true,
        "isMulticolor2": false,
        "grid": 0,
        "tags": [
          "telegram"
        ],
        "colorPermutations": {
          "1452001185185190121021021512552552551651802301": [
            {
              "f": 1
            },
            {
              "f": 0
            },
            {
              "f": 4
            },
            {
              "f": 3
            },
            {
              "f": 2
            }
          ]
        }
      },
      "attrs": [
        {
          "fill": "rgb(65, 180, 230)"
        },
        {
          "fill": "rgb(0, 145, 200)"
        },
        {
          "fill": "rgb(255, 255, 255)"
        },
        {
          "fill": "rgb(210, 210, 215)"
        },
        {
          "fill": "rgb(185, 185, 190)"
        }
      ],
      "properties": {
        "order": 11,
        "id": 0,
        "name": "telegram",
        "prevSize": 32,
        "code": 59653,
        "codes": [
          59653,
          59654,
          59655,
          59656,
          59657
        ]
      },
      "setIdx": 1,
      "setId": 3,
      "iconIdx": 3
    }
  ],
  "height": 1024,
  "metadata": {
    "name": "icomoon"
  },
  "preferences": {
    "showGlyphs": true,
    "showQuickUse": true,
    "showQuickUse2": true,
    "showSVGs": true,
    "fontPref": {
      "prefix": "icon-",
      "metadata": {
        "fontFamily": "icomoon"
      },
      "metrics": {
        "emSize": 1024,
        "baseline": 6.25,
        "whitespace": 50
      },
      "embed": false
    },
    "imagePref": {
      "prefix": "icon-",
      "png": true,
      "useClassSelector": true,
      "color": 0,
      "bgColor": 16777215,
      "classSelector": ".icon",
      "height": 32,
      "columns": 16,
      "margin": 16
    },
    "historySize": 50,
    "showCodes": true,
    "gridSize": 16
  }
}